County,confirmed_cases,deaths,% deaths,num of facilities
Cook,13997,2364,0.1688933342859184,302
DuPage,2337,426,0.1822849807445443,74
Lake,2163,327,0.15117891816920942,56
Kane,1151,181,0.157254561251086,47
Will,949,175,0.18440463645943098,44
St. Clair,697,109,0.1563845050215208,24
Winnebago,601,99,0.16472545757071547,16
McHenry,513,91,0.17738791423001948,15
Madison,598,79,0.13210702341137123,25
Rock Island,349,52,0.1489971346704871,14
Kankakee,512,41,0.080078125,14
LaSalle,287,39,0.13588850174216027,9
Jefferson,179,35,0.19553072625698323,5
Sangamon,197,32,0.16243654822335024,9
Peoria,198,31,0.15656565656565657,10
DeKalb,152,25,0.16447368421052633,5
Macon,151,24,0.15894039735099338,8
Union,132,20,0.15151515151515152,3
Coles,139,20,0.14388489208633093,6
Iroquois,133,19,0.14285714285714285,3
Morgan,139,18,0.12949640287769784,3
Boone,95,16,0.16842105263157894,2
McDonough,68,16,0.23529411764705882,3
Clinton,201,16,0.07960199004975124,6
Jackson,81,15,0.18518518518518517,3
Kendall,62,14,0.22580645161290322,3
Whiteside,86,11,0.12790697674418605,6
Monroe,68,11,0.16176470588235295,4
McLean,78,11,0.14102564102564102,4
Cass,63,11,0.1746031746031746,2
Perry,78,8,0.10256410256410256,2
Jasper,49,8,0.16326530612244897,1
Tazewell,83,6,0.07228915662650602,8
Williamson,140,5,0.03571428571428571,5
Champaign,53,5,0.09433962264150944,7
Adams,60,4,0.06666666666666667,5
Jersey,54,4,0.07407407407407407,1
Cumberland,34,3,0.08823529411764706,1
Mercer,14,3,0.21428571428571427,1
Grundy,31,3,0.0967741935483871,1
Montgomery,17,2,0.11764705882352941,3
Macoupin,36,2,0.05555555555555555,4
Knox,15,2,0.13333333333333333,2
Christian,49,2,0.04081632653061224,7
Carroll,25,2,0.08,1
Moultrie,31,2,0.06451612903225806,1
Ford,45,2,0.044444444444444446,4
Lee,104,1,0.009615384615384616,2
Wayne,8,1,0.125,2
White,5,0,0.0,2
Scott,7,0,0.0,1
Shelby,10,0,0.0,3
Vermilion,8,0,0.0,2
Stephenson,2,0,0.0,1
Warren,2,0,0.0,1
Wabash,9,0,0.0,3
Logan,7,0,0.0,2
Richland,8,0,0.0,1
Randolph,11,0,0.0,3
Pike,2,0,0.0,1
Ogle,10,0,0.0,2
Marion,28,0,0.0,3
Bond,5,0,0.0,1
Livingston,2,0,0.0,1
Lawrence,2,0,0.0,1
Jo Daviess,14,0,0.0,3
Franklin,2,0,0.0,1
Effingham,8,0,0.0,3
Edgar,20,0,0.0,1
Douglas,2,0,0.0,1
Clark,8,0,0.0,1
Bureau,18,0,0.0,2
Woodford,2,0,0.0,1
